"id","userid","username","createdDate","conversationId","tweetText","retweet","reply","like","quotes","isRetweet","stringImageUrls"
"1468006387338948615","168325298","Zish22","2021-12-06 23:56:11","1468006387338948615","‚ÄúIt‚Äôs concerning ‚Ä¶ we‚Äôve had some cases where people have been left outside in the rain, left outside in the snow, with all of their personal belongings dumped at the side of the road.‚Äù

https://t.co/znX3xkajsJ",3,0,0,0,True,""
"1468001601470218243","92415777","michellejobin","2021-12-06 23:37:10","1468001601470218243","Winds gusting over 70-90 km/hr in S ON tonight with snow squalls north or Toronto. Dropping temperatures + flurries &amp; squalls mean difficult conditions on the roads! Be safe everyone. Our overnight low in the city will be -4C feeling like -10 with the wind chill! Tomorrow: 0C üå§ https://t.co/ynX7oh1mln",2,1,8,0,False,"https://pbs.twimg.com/media/FF9jrQBXsAADpSz.jpg"
"1468001590493822976","36897335","chicago2503","2021-12-06 23:37:07","1468001590493822976","‚ÄúIt‚Äôs concerning ‚Ä¶ we‚Äôve had some cases where people have been left outside in the rain, left outside in the snow, with all of their personal belongings dumped at the side of the road.‚Äù

https://t.co/znX3xkajsJ",3,0,0,0,True,""
"1468001155963928581","12993222","CityNewsTO","2021-12-06 23:35:24","1468001155963928581","‚ÄúIt‚Äôs concerning ‚Ä¶ we‚Äôve had some cases where people have been left outside in the rain, left outside in the snow, with all of their personal belongings dumped at the side of the road.‚Äù

https://t.co/znX3xkajsJ",3,4,11,1,False,""
"1468000052610277378","1261448913996992515","EvanZelt","2021-12-06 23:31:01","1468000052610277378","Pittsburgh has scattered clouds with a temperature of 34.29¬∞F today.
Comparable - Toronto with light shower snow and a temperature of 34.12¬∞F.
Dissimilar - Phoenix with broken clouds and a temperature of 75.31¬∞F",0,0,0,0,False,""
"1467999797512744960","258044782","weather_toronto","2021-12-06 23:30:00","1467999797512744960","#Toronto Dec 06 18:17 Temperature 1C light snow showers Wind W 57 km/h  Humidity 70% Ontario .. https://t.co/8m7Z9GZfuY",0,0,0,0,False,""
"1467997226530136070","1171438502472507393","ProfitGreenly","2021-12-06 23:19:47","1467862235611648010","@PapyrusBrigade @mbonsma Yes, and that‚Äôs frickin‚Äô Toronto. Most cities in the world have only a few days with snow/ice on the roads. Plenty do have weeks with snow piled into shoulders and bike lanes, but this can be fixed.",0,0,3,0,False,""
"1467995481573842946","1266372347210002434","MallyBear1","2021-12-06 23:12:51","1467995481573842946","Snow with a mix of sunset in downtown Toronto

@weathernetwork 
@weatherchannel 
@blogTO 
#ShareYourWeather #blogto #toronto #CNTower #sunset https://t.co/fooqZAscir",15,0,0,0,True,""
"1467992249581682691","258044782","weather_toronto","2021-12-06 23:00:00","1467992249581682691","#Toronto Dec 06 17:27 Temperature 1C light snow showers Wind W 39 km/h  Humidity 75% Ontario .. https://t.co/8m7Z9GZfuY",0,0,0,0,False,""
"1467985083479035905","1467902970020913154","wattz91","2021-12-06 22:31:32","1467985083479035905","Snow with a mix of sunset in downtown Toronto

@weathernetwork 
@weatherchannel 
@blogTO 
#ShareYourWeather #blogto #toronto #CNTower #sunset https://t.co/fooqZAscir",15,0,0,0,True,""
"1467984904478765060","1439957711173660672","PapyrusBrigade","2021-12-06 22:30:49","1467862235611648010","@mbonsma I never ride my bike when there‚Äôs snow or ice on the ground.  I‚Äôm not about to risk slipping under a taxi. Which means there‚Äôs 6-8 weeks that I don‚Äôt ride in Toronto. Full-on winter here is way shorter than the average car driver might believe.",0,2,12,0,False,""
"1467984704926326787","258044782","weather_toronto","2021-12-06 22:30:02","1467984704926326787","#Toronto Dec 06 17:00 Temperature 1C light snow showers Wind W 30 km/h  Humidity 80% Ontario .. https://t.co/8m7Z9GZfuY",0,0,0,0,False,""
"1467984137332178949","844526551823777792","petrillo_t","2021-12-06 22:27:46","1467984137332178949","Captured the snow and wind over Toronto just as the sun set. #Toronto #Winter https://t.co/Dpi5y6SuMS",0,0,2,0,False,"https://pbs.twimg.com/media/FF9TynLXwAAkO5W.jpg"
"1467978953734475777","114238658","martaczur","2021-12-06 22:07:10","1467978953734475777","Snow with a mix of sunset in downtown Toronto

@weathernetwork 
@weatherchannel 
@blogTO 
#ShareYourWeather #blogto #toronto #CNTower #sunset https://t.co/fooqZAscir",15,0,0,0,True,""
"1467978863028363264","704237084538740736","MaggIvy","2021-12-06 22:06:49","1467978863028363264","Snow with a mix of sunset in downtown Toronto

@weathernetwork 
@weatherchannel 
@blogTO 
#ShareYourWeather #blogto #toronto #CNTower #sunset https://t.co/fooqZAscir",15,0,0,0,True,""
"1467978605229662210","128375917","peterdimov","2021-12-06 22:05:47","1467978605229662210","Snow with a mix of sunset in downtown Toronto

@weathernetwork 
@weatherchannel 
@blogTO 
#ShareYourWeather #blogto #toronto #CNTower #sunset https://t.co/fooqZAscir",15,0,0,0,True,""
"1467978177733709824","506609771","MagicMetalBird","2021-12-06 22:04:05","1467977284250447872","anyway I literally pay more than for my nicer place in TORONTO because rent got FUCKED during the plague and my slumlord can't be bothered to fulfill their contractual agreement to remove the fkn snow so I can get to work to fulfill my financial obligation üßê",0,1,0,0,False,""
"1467976255949918208","236465545","DebohBaron","2021-12-06 21:56:27","1467976255949918208","Snow with a mix of sunset in downtown Toronto

@weathernetwork 
@weatherchannel 
@blogTO 
#ShareYourWeather #blogto #toronto #CNTower #sunset https://t.co/fooqZAscir",15,0,0,0,True,""
"1467976161720512523","762266201514872833","ScatPack500hp","2021-12-06 21:56:05","1467976161720512523","Snow with a mix of sunset in downtown Toronto

@weathernetwork 
@weatherchannel 
@blogTO 
#ShareYourWeather #blogto #toronto #CNTower #sunset https://t.co/fooqZAscir",15,0,0,0,True,""
"1467975392736731140","1339740511016521733","VoomVoomLemon","2021-12-06 21:53:01","1467975392736731140","Snow with a mix of sunset in downtown Toronto

@weathernetwork 
@weatherchannel 
@blogTO 
#ShareYourWeather #blogto #toronto #CNTower #sunset https://t.co/fooqZAscir",15,0,0,0,True,""
"1467975008463040518","1223101","blogTO","2021-12-06 21:51:30","1467975008463040518","Snow with a mix of sunset in downtown Toronto

@weathernetwork 
@weatherchannel 
@blogTO 
#ShareYourWeather #blogto #toronto #CNTower #sunset https://t.co/fooqZAscir",15,0,0,0,True,""
"1467974869140709377","1447951549","BryanPassifiume","2021-12-06 21:50:57","1467974869140709377","Crazy strong blizzard action in Toronto this evening ‚Äî horizontal snow, strong winds on the 401 #onstorm https://t.co/YtLAt0jaNn",1,3,11,0,False,""
"1467974235268259847","18638090","weathernetwork","2021-12-06 21:48:25","1467974235268259847","Snow with a mix of sunset in downtown Toronto

@weathernetwork 
@weatherchannel 
@blogTO 
#ShareYourWeather #blogto #toronto #CNTower #sunset https://t.co/fooqZAscir",15,0,0,0,True,""
"1467973612598697989","227369574","will_hubb","2021-12-06 21:45:57","1467973612598697989","Snow with a mix of sunset in downtown Toronto

@weathernetwork 
@weatherchannel 
@blogTO 
#ShareYourWeather #blogto #toronto #CNTower #sunset https://t.co/fooqZAscir",15,1,118,3,False,""
"1467969599660601352","258044782","weather_toronto","2021-12-06 21:30:00","1467969599660601352","#Toronto Dec 06 16:00 Temperature 2C light snow showers Wind W 50 km/h  Humidity 65% Ontario .. https://t.co/8m7Z9GZfuY",0,0,0,0,False,""
"1467962329535238146","1388757208008052738","ka_ka_ka12","2021-12-06 21:01:07","1467962329535238146","Snow Day! ‚òÉÔ∏è‚ùÑÔ∏èüß£

#Èõ™  #Toronto #Winter #ÂÜ¨ #December https://t.co/rBg27pzGuh",91,0,0,0,True,"https://pbs.twimg.com/media/FF3pgCnWYAYJae6.jpg"
"1467951672940969990","1425150988562935812","About_MPS","2021-12-06 20:18:46","1467951672940969990","Our condo expert can now assist you even better, with a new dedicated vehicle. Josiah can help condo boards with incredible landscape designs &amp; snow clearing advise. Contact us for details. #CondoLife #Markham #Toronto #condominium #RealEstate https://t.co/xFafG48b6T",0,0,1,0,False,"https://pbs.twimg.com/media/FF81vtEXwAUkBEr.jpg"
"1467942437117116419","201878339","cladnerfreeman","2021-12-06 19:42:04","1467894285517213698","@mssinenomine Same in Toronto and we frequently get snow! ‚ùÑÔ∏è üö®",0,0,1,0,False,""
"1467938045458628610","1446887879385522180","Juz00538663","2021-12-06 19:24:37","1467938045458628610","@jf_nft Maybe collect a little piece from Toronto üá®üá¶

‚ùÑÔ∏è‚ÄùOne Last Time‚Äù Just Minted and Listed on Foundation! 

Feel the snow fall down and travel back in time with me to this moment. One last train to take you home ü§ç

https://t.co/PF6vSShxXt https://t.co/KBUYx4KAnz",2,0,0,0,True,""
"1467935490523418626","1187413831666065409","dianneathome","2021-12-06 19:14:28","1467935490523418626","Heads up early evening in Toronto and much of the GTA ‚Äî potential exists for a few intense snow showers with winds gusting 60-70+ km/h, could easily see visibility close to zero with them. Temperatures also plunging tonight could turn any wet spots quite icy.",2,0,0,0,True,""
"1467935403722354688","598716537","TurnbullShirley","2021-12-06 19:14:07","1467935403722354688","Heads up early evening in Toronto and much of the GTA ‚Äî potential exists for a few intense snow showers with winds gusting 60-70+ km/h, could easily see visibility close to zero with them. Temperatures also plunging tonight could turn any wet spots quite icy.",2,0,0,0,True,""
"1467934434129285130","807353223300468736","stormwx1","2021-12-06 19:10:16","1467934434129285130","Heads up early evening in Toronto and much of the GTA ‚Äî potential exists for a few intense snow showers with winds gusting 60-70+ km/h, could easily see visibility close to zero with them. Temperatures also plunging tonight could turn any wet spots quite icy.",2,0,9,0,False,""
"1467932149139521546","869047857369632769","MikiSugi3","2021-12-06 19:01:11","1467664523725352962","@Toronto_diary1 Snow brush„ÅåÂêçÂâç„Å£„ÅΩ„ÅÑ„Åß„Åô„ÄÇÁâáÊñπ„Å´„ÅØ„Éñ„É©„Ç∑„Åå„Å§„ÅÑ„Å¶„Å¶Èõ™„ÇíÊâï„Åà„Çã„Çà„ÅÜ„Å´„Å™„Å£„Å¶„Å¶„ÄÅ„ÇÇ„ÅÜÁâáÊñπ„Ååscraper„Å´„Å™„Å£„Å¶„Å¶„Åù„Çå„Åß„Ç¨„É™„Ç¨„É™„ÇÑ„Çä„Åæ„Åô„ÄÇÁßÅ„ÅØ„Ç´„Éä„Éá„Ç£„Ç¢„É≥„Çø„Ç§„É§„ÅßË≤∑„Å£„Åü„Çì„Åß„Åô„Åå„ÄÅ„ÉÄ„É©„É©„Éû„Å´Â£≤„Å£„Å¶„Çã„ÅÆ„Åã„ÅØ„Å°„Çá„Å£„Å®„Çè„Åã„Çä„Åæ„Åõ„Çìüí¶",0,1,1,0,False,""
"1467912694254743557","1259134838709329920","Luisa08526138","2021-12-06 17:43:53","1466854466666352646","@kristynwongtam @JohnTory Please put a stop to this ban. This ban is a ban on innovation. It sets Toronto back on VisionZero. These robots provide essential services (snow plowing, medicine delivery). Do not ban them.",0,0,4,0,False,""
"1467912549744136199","124202983","OntarioPlace","2021-12-06 17:43:19","1467912549744136199","In the spirit of The 12 Days of Giving, we're GIVING Cindy Santos tickets to @drivethrufunco's Snow Magic at @OntarioPlace! Congratulations Cindy! If you want to get in on these awesome prizes, there are still 11 more days to go! Details: https://t.co/o2JJodslEp https://t.co/NAArCeKtSf",1,0,0,0,True,""
"1467910921821376514","325346955","markrf400","2021-12-06 17:36:50","1467896746869248007","@aPrincessesdad @PRagain02 Wow I just left Toronto yesterday and it was just starting to snow",0,1,1,0,False,""
"1467909792987590660","1262152911846596609","Transpareent","2021-12-06 17:32:21","1467832914448629765","@melofn__ @GatorrGG damn that‚Äôs tuff does toronto even get a lot of snow throughout the year ? I feel like I never see a lot there",0,1,0,0,False,""
"1467909618433241089","1095056145012555776","melofn__","2021-12-06 17:31:40","1467832914448629765","@Transpareent @GatorrGG yep cause ur around barrie, in toronto there isint any snow",0,1,0,0,False,""
"1467906097013039107","187424972","cal_millar","2021-12-06 17:17:40","1467906097013039107","Just a few hours ago our temperature at #Toronto Pearson was 11C, now 5C. Rain from this system pushing east of the GTA now, but winds will gust up to 70-90km/hr plus snow squalls will be an issue north of the city starting later today. Here‚Äôs the watches/warnings in place now: https://t.co/8MODqrvBXQ",1,0,0,0,True,""
"1467905982097412108","92415777","michellejobin","2021-12-06 17:17:13","1467905982097412108","Just a few hours ago our temperature at #Toronto Pearson was 11C, now 5C. Rain from this system pushing east of the GTA now, but winds will gust up to 70-90km/hr plus snow squalls will be an issue north of the city starting later today. Here‚Äôs the watches/warnings in place now: https://t.co/8MODqrvBXQ",1,0,5,0,False,"https://pbs.twimg.com/media/FF8Msm7XMAcIGML.jpg|https://pbs.twimg.com/media/FF8Msm5WUAIGZ3O.jpg"
"1467904529517748233","1412745364403376137","CarolAnn_99","2021-12-06 17:11:26","1467897939305586691","@w_white18 We are under a snow squall watch here north of Toronto. ‚ùÑÔ∏è‚ùÑÔ∏è‚ùÑÔ∏è plus side: snow on the ski hills!!üèÇ‚õ∑",0,0,3,0,False,""
"1467903571622518784","382492489","Bainsco","2021-12-06 17:07:38","1467858548734541837","@DeathBecumsMe No snow here in Toronto, just stooopid rain and wind.",0,0,0,0,False,""
"1467891257695473666","1466308105","HeatherW1968","2021-12-06 16:18:42","1467891257695473666","Winter is here in Ontario!!üß§üß§üß§üß§üß§üò≥ https://t.co/BVcX3Bgf0C",0,0,1,0,False,""
"1467889961584275465","69903520","TamaraAlexis","2021-12-06 16:13:33","1467889451535904771","@KremlinRussia_E @narendramodi Very serious situation about India mass immigration pylons masks  and snow . Ask India‚Äôs what happening Covid operations in Toronto",0,5,5,0,False,""
"1467881189193117698","1342619093317210113","mae_books","2021-12-06 15:38:42","1467836905492344833","@XiranJayZhao I just saw my first snow in Toronto earlier this week üòÖ",0,0,0,0,False,""
"1467875889937534985","17341427","jaredbook","2021-12-06 15:17:38","1467875889937534985","This brings back some bad memories. One time coming back from the CWHL All Star Game in Toronto, it took 13 hours including a car breakdown (due to an accumulation of snow shorting the sensors), and a tow truck that  took two people (we were three)...

Fun times.

@robynlisaflynn https://t.co/pjiNqDONjU",0,0,1,0,False,""
"1467873324235689985","1001126591794069505","1065ELMNTFM","2021-12-06 15:07:26","1467873324235689985","In the spirit of The 12 Days of Giving, we're GIVING Cindy Santos tickets to @drivethrufunco's Snow Magic at @OntarioPlace! Congratulations Cindy! If you want to get in on these awesome prizes, there are still 11 more days to go! Details: https://t.co/o2JJodslEp https://t.co/NAArCeKtSf",1,0,3,0,False,"https://pbs.twimg.com/media/FF7u9qQX0AgLriR.jpg"
"1467871884813680643","1025494062948741120","marimo4177","2021-12-06 15:01:43","1467871884813680643","Snow Day! ‚òÉÔ∏è‚ùÑÔ∏èüß£

#Èõ™  #Toronto #Winter #ÂÜ¨ #December https://t.co/rBg27pzGuh",91,0,0,0,True,"https://pbs.twimg.com/media/FF3pgCnWYAYJae6.jpg"
"1467869000940105738","985938313784807425","mbohl07","2021-12-06 14:50:16","1467869000940105738","As of 5am, Dec. 6 #Toronto YYZ is up to 9¬∞C. Expect falling temps for the afternoon with very strong wind and heads up for flurries tonight that could be intense near and north of Newmarket tonight. Snow squall watch is in effect",4,0,0,0,True,""
"1467856365016154114","486808376","ShangriLaTO","2021-12-06 14:00:03","1467856365016154114","Throughout the month of December, discover a winter wonderland at Clicquot in the Snow. With delicious comfort food, as well as a Champagne pairing menu for $168 + taxes, it is sure to be a decadent experience. 

For more information click here: https://t.co/0QCVS2Z77X https://t.co/Tg5sDGxdMq",0,2,2,0,False,"https://pbs.twimg.com/media/FF7flXSVQAYwt7r.jpg"
"1467852922939908096","873771759551430657","asakura_onice","2021-12-06 13:46:22","1467852922939908096","Snow Day! ‚òÉÔ∏è‚ùÑÔ∏èüß£

#Èõ™  #Toronto #Winter #ÂÜ¨ #December https://t.co/rBg27pzGuh",91,0,0,0,True,"https://pbs.twimg.com/media/FF3pgCnWYAYJae6.jpg"
"1467849833570607114","2907185374","Emmadoxie","2021-12-06 13:34:06","1467841699225419776","@CanadianPenny1 In Hamilton?! No snow in Toronto (Annex)",0,0,0,0,False,""
"1467846757350621185","60181375","lbcurtis","2021-12-06 13:21:52","1467846757350621185","Funny how a  5 cm forecast of snow turns into 20 cm (at least on my street) overnight! Let it snow! ‚ùÑÔ∏è (I remember being in the Toronto airport where 5 cm of snow literally shut the place down and delayed flights for 90 minutes. üòÇ) #ottawa #storm",0,0,0,0,False,""
"1467843038617948165","967781424949440513","sablier666","2021-12-06 13:07:06","1467843038617948165","Snow Day! ‚òÉÔ∏è‚ùÑÔ∏èüß£

#Èõ™  #Toronto #Winter #ÂÜ¨ #December https://t.co/rBg27pzGuh",91,0,0,0,True,"https://pbs.twimg.com/media/FF3pgCnWYAYJae6.jpg"
"1467829072403533824","20886104","michaellyons","2021-12-06 12:11:36","1467329336424341506","@usagi_matto @EGirlMonetarism According  to the stats I find, Toronto has significantly  greater precipitation and precipitation days than London. Montreal, more so. But you might be ok if freezing rain and snow are more acceptable. üòπ",0,1,1,0,False,""
"1467827367548801037","601663764","cindyintoronto","2021-12-06 12:04:49","1467810071795023874","@TorontoStar Because the city couldn't give a crap about pedestrians.
Sadly in Toronto cars rule. 
Yet they are banning the tiny pink delivery vehicles because they may get in the way of the blind or people in wheelchairs? But snow and ice won't get in their way?
City Hall idiots!",0,1,2,0,False,""
"1467825892760162310","4851761087","davidkeller2012","2021-12-06 11:58:58","1467825892760162310","It's going to be a wild weather ride across the GTA over the next 24 hours with freezing rain, snow, and ice possible.

PLUS: Ontario is reporting over 1000 new COVID-19 cases today. 

Your CityNews 680 TO GO with @Kaitlin_Lee and @TheAsherRoth.

Live: https://t.co/ayThHdDgQz. https://t.co/bb96IOmSdY",6,0,0,0,True,""
"1467814877003755526","261944455","markhmills","2021-12-06 11:15:12","1467814877003755526","As of 5am, Dec. 6 #Toronto YYZ is up to 9¬∞C. Expect falling temps for the afternoon with very strong wind and heads up for flurries tonight that could be intense near and north of Newmarket tonight. Snow squall watch is in effect",4,0,0,0,True,""
"1467812140677582850","1411357303","TheSweetFoodie3","2021-12-06 11:04:19","1467812140677582850","As of 5am, Dec. 6 #Toronto YYZ is up to 9¬∞C. Expect falling temps for the afternoon with very strong wind and heads up for flurries tonight that could be intense near and north of Newmarket tonight. Snow squall watch is in effect",4,0,0,0,True,""
"1467804877422317571","1052848710","vip88d","2021-12-06 10:35:27","1467804877422317571","As of 5am, Dec. 6 #Toronto YYZ is up to 9¬∞C. Expect falling temps for the afternoon with very strong wind and heads up for flurries tonight that could be intense near and north of Newmarket tonight. Snow squall watch is in effect",4,0,0,0,True,""
"1467800477781921799","2504854829","JillTaylorCity","2021-12-06 10:17:58","1467800477781921799","As of 5am, Dec. 6 #Toronto YYZ is up to 9¬∞C. Expect falling temps for the afternoon with very strong wind and heads up for flurries tonight that could be intense near and north of Newmarket tonight. Snow squall watch is in effect",4,0,16,0,False,""
"1467792844920614914","866515083987345410","denkihitujisan","2021-12-06 09:47:39","1467792844920614914","Snow Day! ‚òÉÔ∏è‚ùÑÔ∏èüß£

#Èõ™  #Toronto #Winter #ÂÜ¨ #December https://t.co/rBg27pzGuh",91,0,0,0,True,"https://pbs.twimg.com/media/FF3pgCnWYAYJae6.jpg"
"1467780071318593537","742020364457238531","thenihilistkier","2021-12-06 08:56:53","1467780071318593537","Special weather statement issued for GTA ahead of snow, freezing rain on Sunday via /r/toronto https://t.co/gArU2ZGe0N #news #toronto #thesix",0,0,0,0,False,""
"1467779333657972739","1284588666501967872","toronto_reddit","2021-12-06 08:53:57","1467779333657972739","Special weather statement issued for GTA ahead of snow, freezing rain on Sunday https://t.co/eOUrdjyLBv",0,0,0,0,False,""
"1467773819729362952","876411779160702976","dewanderersoul","2021-12-06 08:32:03","1467773819729362952","#Car #Automobile #Transportation #Vehicle #Tree #Plant #Vegetation #Nature #Outdoors #Housing #Building #Path #Woodland #Forest #Land #Grove #Snow #Canada #Winter #Toronto #Weather #Cold #Chil #Art #Concept #Photography https://t.co/VWKP6unfcl",0,0,0,0,False,""
"1467771121374482436","96042011","pinkpicg","2021-12-06 08:21:19","1467771121374482436","Snow Day! ‚òÉÔ∏è‚ùÑÔ∏èüß£

#Èõ™  #Toronto #Winter #ÂÜ¨ #December https://t.co/rBg27pzGuh",91,0,0,0,True,"https://pbs.twimg.com/media/FF3pgCnWYAYJae6.jpg"
"1467762368524722182","925127402438529024","bbsp6OrtfK3etDg","2021-12-06 07:46:33","1467762368524722182","Snow Day! ‚òÉÔ∏è‚ùÑÔ∏èüß£

#Èõ™  #Toronto #Winter #ÂÜ¨ #December https://t.co/rBg27pzGuh",91,0,0,0,True,"https://pbs.twimg.com/media/FF3pgCnWYAYJae6.jpg"
"1467760735786840065","796435297","Hits93Toronto","2021-12-06 07:40:03","1467760735786840065","Now Playing: Chasing Cars by Snow Patrol. https://t.co/gCdjI2V0wy",0,0,1,0,False,""
"1467736542693445634","3231627762","Rahna_rarahna","2021-12-06 06:03:55","1467736542693445634","Snow Day! ‚òÉÔ∏è‚ùÑÔ∏èüß£

#Èõ™  #Toronto #Winter #ÂÜ¨ #December https://t.co/rBg27pzGuh",91,0,0,0,True,"https://pbs.twimg.com/media/FF3pgCnWYAYJae6.jpg"
"1467733190010093568","2796995659","chiitan0724","2021-12-06 05:50:36","1467733190010093568","Snow Day! ‚òÉÔ∏è‚ùÑÔ∏èüß£

#Èõ™  #Toronto #Winter #ÂÜ¨ #December https://t.co/rBg27pzGuh",91,0,0,0,True,"https://pbs.twimg.com/media/FF3pgCnWYAYJae6.jpg"
"1467732276486479873","1052029480074530817","ZpwfOUIdtt1vsh4","2021-12-06 05:46:58","1467732276486479873","Snow Day! ‚òÉÔ∏è‚ùÑÔ∏èüß£

#Èõ™  #Toronto #Winter #ÂÜ¨ #December https://t.co/rBg27pzGuh",91,0,0,0,True,"https://pbs.twimg.com/media/FF3pgCnWYAYJae6.jpg"
"1467730190902116352","1106803299032989696","Scj8WSniWlkC0V5","2021-12-06 05:38:41","1467730190902116352","Snow Day! ‚òÉÔ∏è‚ùÑÔ∏èüß£

#Èõ™  #Toronto #Winter #ÂÜ¨ #December https://t.co/rBg27pzGuh",91,0,0,0,True,"https://pbs.twimg.com/media/FF3pgCnWYAYJae6.jpg"
"1467728300806393857","724932860281524224","WmUJoD5vZUK2nas","2021-12-06 05:31:10","1467728300806393857","Snow Day! ‚òÉÔ∏è‚ùÑÔ∏èüß£

#Èõ™  #Toronto #Winter #ÂÜ¨ #December https://t.co/rBg27pzGuh",91,0,0,0,True,"https://pbs.twimg.com/media/FF3pgCnWYAYJae6.jpg"
"1467726167897948160","113999431","ringonice","2021-12-06 05:22:42","1467726167897948160","Snow Day! ‚òÉÔ∏è‚ùÑÔ∏èüß£

#Èõ™  #Toronto #Winter #ÂÜ¨ #December https://t.co/rBg27pzGuh",91,0,0,0,True,"https://pbs.twimg.com/media/FF3pgCnWYAYJae6.jpg"
"1467724798772092932","213537898","lucero_ghs","2021-12-06 05:17:15","1467724798772092932","Snow Day! ‚òÉÔ∏è‚ùÑÔ∏èüß£

#Èõ™  #Toronto #Winter #ÂÜ¨ #December https://t.co/rBg27pzGuh",91,0,0,0,True,"https://pbs.twimg.com/media/FF3pgCnWYAYJae6.jpg"
"1467714033163853824","703680539069456385","mark_prati","2021-12-06 04:34:28","1467572812588077057","@dmamTSLA @WholeMarsBlog @elonmusk Average 41 days of snow per year in Toronto.",0,0,0,0,False,""
"1467706670524555265","360106797","just_a_vagabond","2021-12-06 04:05:13","1467706670524555265","Winnipeg has pained me twice in one day:
1st: my car getting broken into (and getting nothing stolen) during a snow storm.
2nd: Toronto Maple Leafs losing 3-6 to the Jets",0,0,1,0,False,""
"1467703789906178050","866618997038399488","okomegohanmochi","2021-12-06 03:53:46","1467703789906178050","Snow Day! ‚òÉÔ∏è‚ùÑÔ∏èüß£

#Èõ™  #Toronto #Winter #ÂÜ¨ #December https://t.co/rBg27pzGuh",91,0,0,0,True,"https://pbs.twimg.com/media/FF3pgCnWYAYJae6.jpg"
"1467703349621448704","22920024","dezsmom","2021-12-06 03:52:01","1467703349621448704","Brief period of snow and ice pellets earlier has switched to heavy rain across Toronto. Freezing rain or ice pellets continue west and north of the GTA after a rapid burst of 2-5+ cm earlier this evening. All rain across our region by early overnight. https://t.co/lXjI5FjstT",1,0,0,0,True,""
"1467703079760023553","931986977964126208","stepxiaodidi","2021-12-06 03:50:57","1467702859399577602","@xiaojuntea omg rose i just got back from toronto today and was shocked how much snow there is here",0,1,1,0,False,""
"1467699739609247744","598452532","SusieKonkle","2021-12-06 03:37:41","1467699739609247744","*8:55pm update: less snow, more ice pellets and freezing rain tonight in #Toronto before switching over to straight rain after midnight @CityNewsTO @breakfasttv https://t.co/XyX7TMjt8F",5,0,0,0,True,""
"1467695947471855625","180146855","cctvsys","2021-12-06 03:22:37","1467695947471855625","Toronto Snow and roads

https://t.co/QF9i7oIXpn",0,0,1,0,False,""
"1467695515777204231","2220062984","EnergyDepDay","2021-12-06 03:20:54","1467695515777204231","At last, #snow.

#winter view from the #castleinthesky.

#writersofinstagram #ghostwriter #writingcommunity #amwriting #amediting #toronto #the6ix #lovemylife https://t.co/kGFE3n4RAi",2,0,0,0,True,""
"1467690513998430209","1238563462470455297","divvvvvvy","2021-12-06 03:01:01","1467690513998430209","Up to 7-10 cm of snow in Toronto GTA? Winter weather travel advisory in effect for Toronto, parts of southern Ontario https://t.co/ql5NoBTmEs via @cp24",2,0,0,0,True,""
"1467689667881578503","2353305031","PulhoriLover","2021-12-06 02:57:39","1467689667881578503","*8:55pm update: less snow, more ice pellets and freezing rain tonight in #Toronto before switching over to straight rain after midnight @CityNewsTO @breakfasttv https://t.co/XyX7TMjt8F",5,0,0,0,True,""
"1467689463392448513","480352537","dsn247i","2021-12-06 02:56:51","1467689463392448513","*8:55pm update: less snow, more ice pellets and freezing rain tonight in #Toronto before switching over to straight rain after midnight @CityNewsTO @breakfasttv https://t.co/XyX7TMjt8F",5,0,0,0,True,""
"1467688865473433609","941322841840144387","dahiya_parth","2021-12-06 02:54:28","1467688865473433609","Why is it raining just after it snowed. Walking in this weather is not a good idea. Just a heads up.
#snow #rain #Toronto",0,0,0,0,False,""
"1467688542948179968","1463126500677279750","Maple__Lad","2021-12-06 02:53:11","1467688542948179968","@jf_nft Maybe collect a little piece from Toronto üá®üá¶

‚ùÑÔ∏è‚ÄùOne Last Time‚Äù Just Minted and Listed on Foundation! 

Feel the snow fall down and travel back in time with me to this moment. One last train to take you home ü§ç

https://t.co/PF6vSShxXt https://t.co/KBUYx4KAnz",2,0,0,0,True,""
"1467685272125157380","1357368518774304771","Devende49695677","2021-12-06 02:40:11","1467685272125157380","Toronto#jattlyf#brampton#snow#chilmood#btfuüî•‚ô†Ô∏è https://t.co/MS29zkstuY",0,0,1,0,False,"https://pbs.twimg.com/media/FF5D-VZXEAIKyFY.jpg"
"1467683811005767682","807353223300468736","stormwx1","2021-12-06 02:34:23","1467683811005767682","Brief period of snow and ice pellets earlier has switched to heavy rain across Toronto. Freezing rain or ice pellets continue west and north of the GTA after a rapid burst of 2-5+ cm earlier this evening. All rain across our region by early overnight. https://t.co/lXjI5FjstT",1,1,11,0,False,"https://pbs.twimg.com/media/FF5CpTHWUAAsJxW.jpg"
"1467681804580945923","1335751622358491136","MTori0221","2021-12-06 02:26:25","1467681804580945923","Snow Day! ‚òÉÔ∏è‚ùÑÔ∏èüß£

#Èõ™  #Toronto #Winter #ÂÜ¨ #December https://t.co/rBg27pzGuh",91,0,0,0,True,"https://pbs.twimg.com/media/FF3pgCnWYAYJae6.jpg"
"1467681401223147520","788769203574624256","pitkeev","2021-12-06 02:24:48","1467681401223147520","Snow Day! ‚òÉÔ∏è‚ùÑÔ∏èüß£

#Èõ™  #Toronto #Winter #ÂÜ¨ #December https://t.co/rBg27pzGuh",91,0,0,0,True,"https://pbs.twimg.com/media/FF3pgCnWYAYJae6.jpg"
"1467680697028648961","347258781","ZenMorin","2021-12-06 02:22:01","1467680697028648961","I like the winter ‚ùÑÔ∏èü•∂‚ùÑÔ∏èü•∂ü•∂.
Special weather statement issued for southern Ontario ahead of snow, freezing rain on Sunday https://t.co/ggzezEv9oe via @CTVToronto",1,0,0,0,True,""
"1467680301535174660","4851761087","davidkeller2012","2021-12-06 02:20:26","1467680301535174660","*8:55pm update: less snow, more ice pellets and freezing rain tonight in #Toronto before switching over to straight rain after midnight @CityNewsTO @breakfasttv https://t.co/XyX7TMjt8F",5,0,0,0,True,""
"1467677730196000775","361356767","ct_grandma","2021-12-06 02:10:13","1467677730196000775","Snow Day! ‚òÉÔ∏è‚ùÑÔ∏èüß£

#Èõ™  #Toronto #Winter #ÂÜ¨ #December https://t.co/rBg27pzGuh",91,0,0,0,True,"https://pbs.twimg.com/media/FF3pgCnWYAYJae6.jpg"
"1467676674569478158","66392766","jimprall","2021-12-06 02:06:01","1467538787249135617","@climatedom On the same ""rainbow map"" theme, Toronto is in the middle of a lovely impressionist pastel, using every colour on the many scales of Accuweather's radar (snow, ice, rain, and ""mix"") https://t.co/3mTe0wZrH2",0,0,0,0,False,"https://pbs.twimg.com/media/FF48Hy3X0Ag5t05.jpg"
"1467676302291632128","1447819915","fengiliu","2021-12-06 02:04:33","1467676302291632128","Snow Day! ‚òÉÔ∏è‚ùÑÔ∏èüß£

#Èõ™  #Toronto #Winter #ÂÜ¨ #December https://t.co/rBg27pzGuh",91,0,0,0,True,"https://pbs.twimg.com/media/FF3pgCnWYAYJae6.jpg"
"1467675465590927360","809407468870565888","rei_02671828","2021-12-06 02:01:13","1467675465590927360","Snow Day! ‚òÉÔ∏è‚ùÑÔ∏èüß£

#Èõ™  #Toronto #Winter #ÂÜ¨ #December https://t.co/rBg27pzGuh",91,0,0,0,True,"https://pbs.twimg.com/media/FF3pgCnWYAYJae6.jpg"
"1467674979240140804","41892048","kallimgmt","2021-12-06 01:59:17","1467674979240140804","*8:55pm update: less snow, more ice pellets and freezing rain tonight in #Toronto before switching over to straight rain after midnight @CityNewsTO @breakfasttv https://t.co/XyX7TMjt8F",5,0,0,0,True,""
"1467674495376838659","152014147","CityNatasha","2021-12-06 01:57:22","1467674495376838659","*8:55pm update: less snow, more ice pellets and freezing rain tonight in #Toronto before switching over to straight rain after midnight @CityNewsTO @breakfasttv https://t.co/XyX7TMjt8F",5,2,16,0,False,"https://pbs.twimg.com/media/FF452tQX0AkXS79.jpg|https://pbs.twimg.com/media/FF452tPWQAUnH2r.jpg"
